Message,Local_Prediction,HF_Prediction,orginal_val
Ok lar... Joking wif u oni...,ham,ham,ham
Free entry in 2 a wkly comp to win FA Cup final tkts 21st May 2005. Text FA to 87121 to receive entry question(std txt rate)T&C's apply 08452810075over18's,spam,spam,spam
U dun say so early hor... U c already then say...,ham,ham,ham
"Nah I don't think he goes to usf, he lives around here though",ham,ham,ham
"FreeMsg Hey there darling it's been 3 week's now and no word back! I'd like some fun you up for it still? Tb ok! XxX std chgs to send, �1.50 to rcv",ham,ham,spam
Even my brother is not like to speak with me. They treat me like aids patent.,ham,ham,ham
As per your request 'Melle Melle (Oru Minnaminunginte Nurungu Vettam)' has been set as your callertune for all Callers. Press *9 to copy your friends Callertune,ham,ham,ham
WINNER!! As a valued network customer you have been selected to receivea �900 prize reward! To claim call 09061701461. Claim code KL341. Valid 12 hours only.,spam,spam,spam
Had your mobile 11 months or more? U R entitled to Update to the latest colour mobiles with camera for Free! Call The Mobile Update Co FREE on 08002986030,spam,spam,spam
"I'm gonna be home soon and i don't want to talk about this stuff anymore tonight, k? I've cried enough today.",ham,ham,ham
"SIX chances to win CASH! From 100 to 20,000 pounds txt> CSH11 and send to 87575. Cost 150p/day, 6days, 16+ TsandCs apply Reply HL 4 info",spam,spam,spam
"URGENT! You have won a 1 week FREE membership in our �100,000 Prize Jackpot! Txt the word: CLAIM to No: 81010 T&C www.dbuk.net LCCLTD POBOX 4403LDNW1A7RW18",spam,spam,spam
I've been searching for the right words to thank you for this breather. I promise i wont take your help for granted and will fulfil my promise. You have been wonderful and a blessing at all times.,ham,ham,ham
I HAVE A DATE ON SUNDAY WITH WILL!!,ham,ham,ham
"XXXMobileMovieClub: To use your credit, click the WAP link in the next txt message or click here>> http://wap. xxxmobilemovieclub.com?n=QJKGIGHJJGCBL",spam,spam,spam
Oh k...i'm watching here:),ham,ham,ham
Eh u remember how 2 spell his name... Yes i did. He v naughty make until i v wet.,ham,ham,ham
Fine if that��s the way u feel. That��s the way its gota b,ham,ham,ham
"England v Macedonia - dont miss the goals/team news. Txt ur national team to 87077 eg ENGLAND to 87077 Try:WALES, SCOTLAND 4txt/̼1.20 POBOXox36504W45WQ 16+",spam,spam,spam
Is that seriously how you spell his name?,ham,ham,ham
I���m going to try for 2 months ha ha only joking,ham,ham,ham
So �_ pay first lar... Then when is da stock comin...,ham,ham,ham
Aft i finish my lunch then i go str down lor. Ard 3 smth lor. U finish ur lunch already?,ham,ham,ham
Ffffffffff. Alright no way I can meet up with you sooner?,ham,ham,ham
Just forced myself to eat a slice. I'm really not hungry tho. This sucks. Mark is getting worried. He knows I'm sick when I turn down pizza. Lol,ham,ham,ham
Lol your always so convincing.,ham,ham,ham
Did you catch the bus ? Are you frying an egg ? Did you make a tea? Are you eating your mom's left over dinner ? Do you feel my Love ?,ham,ham,ham
"I'm back &amp; we're packing the car now, I'll let you know if there's room",ham,ham,ham
Ahhh. Work. I vaguely remember that! What does it feel like? Lol,ham,ham,ham
"Wait that's still not all that clear, were you not sure about me being sarcastic or that that's why x doesn't want to live with us",ham,ham,ham
Yeah he got in at 2 and was v apologetic. n had fallen out and she was actin like spoilt child and he got caught up in that. Till 2! But we won't go there! Not doing too badly cheers. You? ,ham,ham,ham
K tell me anything about you.,ham,ham,ham
For fear of fainting with the of all that housework you just did? Quick have a cuppa,ham,ham,ham
Great! I hope you like your man well endowed. I am  &lt;#&gt;  inches...,ham,ham,ham
No calls..messages..missed calls,ham,ham,ham
Didn't you get hep b immunisation in nigeria.,ham,ham,ham
"Fair enough, anything going on?",ham,ham,ham
"Yeah hopefully, if tyler can't do it I could maybe ask around a bit",ham,ham,ham
U don't know how stubborn I am. I didn't even want to go to the hospital. I kept telling Mark I'm not a weak sucker. Hospitals are for weak suckers.,ham,ham,ham
What you thinked about me. First time you saw me in class.,ham,ham,ham
"A gram usually runs like  &lt;#&gt; , a half eighth is smarter though and gets you almost a whole second gram for  &lt;#&gt;",ham,ham,ham
K fyi x has a ride early tomorrow morning but he's crashing at our place tonight,ham,ham,ham
"Wow. I never realized that you were so embarassed by your accomodations. I thought you liked it, since i was doing the best i could and you always seemed so happy about \the cave\"". I'm sorry I didn't and don't have more to give. I'm sorry i offered. I'm sorry your room was so embarassing.""",ham,ham,ham
SMS. ac Sptv: The New Jersey Devils and the Detroit Red Wings play Ice Hockey. Correct or Incorrect? End? Reply END SPTV,spam,ham,spam
Do you know what Mallika Sherawat did yesterday? Find out now @  &lt;URL&gt;,ham,ham,ham
"Congrats! 1 year special cinema pass for 2 is yours. call 09061209465 now! C Suprman V, Matrix3, StarWars3, etc all 4 FREE! bx420-ip4-5we. 150pm. Dont miss out! ",spam,spam,spam
"Sorry, I'll call later in meeting.",ham,ham,ham
Tell where you reached,ham,ham,ham
Yes..gauti and sehwag out of odi series.,ham,ham,ham
Your gonna have to pick up a $1 burger for yourself on your way home. I can't even move. Pain is killing me.,ham,ham,ham
Ha ha ha good joke. Girls are situation seekers.,ham,ham,ham
Its a part of checking IQ,ham,ham,ham
"Sorry my roommates took forever, it ok if I come by now?",ham,ham,ham
Ok lar i double check wif da hair dresser already he said wun cut v short. He said will cut until i look nice.,ham,ham,ham
"As a valued customer, I am pleased to advise you that following recent review of your Mob No. you are awarded with a �1500 Bonus Prize, call 09066364589",spam,spam,spam
"Today is \song dedicated day..\"" Which song will u dedicate for me? Send this to all ur valuable frnds but first rply me...""",ham,ham,ham
"Urgent UR awarded a complimentary trip to EuroDisinc Trav, Aco&Entry41 Or �1000. To claim txt DIS to 87121 18+6*�1.50(moreFrmMob. ShrAcomOrSglSuplt)10, LS1 3AJ",spam,spam,spam
"Did you hear about the new \Divorce Barbie\""? It comes with all of Ken's stuff!""",ham,ham,spam
I plane to give on this month end.,ham,ham,ham
Wah lucky man... Then can save money... Hee...,ham,ham,ham
Finished class where are you.,ham,ham,ham
HI BABE IM AT HOME NOW WANNA DO SOMETHING? XX,ham,ham,ham
K..k:)where are you?how did you performed?,ham,ham,ham
U can call me now...,ham,ham,ham
I am waiting machan. Call me once you free.,ham,ham,ham
Thats cool. i am a gentleman and will treat you with dignity and respect.,ham,ham,ham
I like you peoples very much:) but am very shy pa.,ham,ham,ham
Does not operate after  &lt;#&gt;  or what,ham,ham,ham
Its not the same here. Still looking for a job. How much do Ta's earn there.,ham,ham,ham
"Sorry, I'll call later",ham,ham,ham
K. Did you call me just now ah? ,ham,ham,ham
Ok i am on the way to home hi hi,ham,ham,ham
You will be in the place of that man,ham,ham,ham
Yup next stop.,ham,ham,ham
"I call you later, don't have network. If urgnt, sms me.",ham,ham,ham
For real when u getting on yo? I only need 2 more tickets and one more jacket and I'm done. I already used all my multis.,ham,ham,ham
Yes I started to send requests to make it but pain came back so I'm back in bed. Double coins at the factory too. I gotta cash in all my nitros.,ham,ham,ham
I'm really not up to it still tonight babe,ham,ham,ham
"Ela kano.,il download, come wen ur free..",ham,ham,ham
Yeah do! Don���t stand to close tho- you���ll catch something!,ham,ham,ham
Sorry to be a pain. Is it ok if we meet another night? I spent late afternoon in casualty and that means i haven't done any of y stuff42moro and that includes all my time sheets and that. Sorry. ,ham,ham,ham
Smile in Pleasure Smile in Pain Smile when trouble pours like Rain Smile when sum1 Hurts U Smile becoz SOMEONE still Loves to see u Smiling!!,ham,ham,ham
Please call our customer service representative on 0800 169 6031 between 10am-9pm as you have WON a guaranteed �1000 cash or �5000 prize!,spam,spam,spam
Havent planning to buy later. I check already lido only got 530 show in e afternoon. U finish work already?,ham,ham,ham
"Your free ringtone is waiting to be collected. Simply text the password \MIX\"" to 85069 to verify. Get Usher and Britney. FML",spam,spam,spam
Watching telugu movie..wat abt u?,ham,ham,ham
i see. When we finish we have loads of loans to pay,ham,ham,ham
"Hi. Wk been ok - on hols now! Yes on for a bit of a run. Forgot that i have hairdressers appointment at four so need to get home n shower beforehand. Does that cause prob for u?\""
ham""",ham,ham,ham
Please don't text me anymore. I have nothing else to say.,ham,ham,ham
Okay name ur price as long as its legal! Wen can I pick them up? Y u ave x ams xx,ham,ham,ham
I'm still looking for a car to buy. And have not gone 4the driving test yet.,ham,ham,ham
As per your request 'Melle Melle (Oru Minnaminunginte Nurungu Vettam)' has been set as your callertune for all Callers. Press *9 to copy your friends Callertune,ham,ham,ham
"wow. You're right! I didn't mean to do that. I guess once i gave up on boston men and changed my search location to nyc, something changed. Cuz on my signin page it still says boston.",ham,ham,ham
Umma my life and vava umma love you lot dear,ham,ham,ham
Thanks a lot for your wishes on my birthday. Thanks you for making my birthday truly memorable.,ham,ham,ham
"Aight, I'll hit you up when I get some cash",ham,ham,ham
How would my ip address test that considering my computer isn't a minecraft server,ham,ham,ham
I know! Grumpy old people. My mom was like you better not be lying. Then again I am always the one to play jokes...,ham,ham,ham
Dont worry. I guess he's busy.,ham,ham,ham
What is the plural of the noun research?,ham,ham,ham
Going for dinner.msg you after.,ham,ham,ham
I'm ok wif it cos i like 2 try new things. But i scared u dun like mah. Cos u said not too loud.,ham,ham,ham
GENT! We are trying to contact you. Last weekends draw shows that you won a �1000 prize GUARANTEED. Call 09064012160. Claim Code K52. Valid 12hrs only. 150ppm,spam,spam,spam
"Wa, ur openin sentence very formal... Anyway, i'm fine too, juz tt i'm eatin too much n puttin on weight...Haha... So anythin special happened?",ham,ham,ham
"As I entered my cabin my PA said, '' Happy B'day Boss !!''. I felt special. She askd me 4 lunch. After lunch she invited me to her apartment. We went there.",ham,ham,ham
You are a winner U have been specially selected 2 receive �1000 or a 4* holiday (flights inc) speak to a live operator 2 claim 0871277810910p/min (18+) ,spam,spam,spam
Goodo! Yes we must speak friday - egg-potato ratio for tortilla needed! ,ham,ham,ham
Hmm...my uncle just informed me that he's paying the school directly. So pls buy food.,ham,ham,ham
PRIVATE! Your 2004 Account Statement for 07742676969 shows 786 unredeemed Bonus Points. To claim call 08719180248 Identifier Code: 45239 Expires,spam,spam,spam
"URGENT! Your Mobile No. was awarded �2000 Bonus Caller Prize on 5/9/03 This is our final try to contact U! Call from Landline 09064019788 BOX42WR29C, 150PPM",spam,spam,spam
here is my new address -apples&pairs&all that malarky,ham,ham,ham
Todays Voda numbers ending 7548 are selected to receive a $350 award. If you have a match please call 08712300220 quoting claim code 4041 standard rates app,spam,spam,spam
I am going to sao mu today. Will be done only at 12 ,ham,ham,ham
�� predict wat time �_'ll finish buying?,ham,ham,ham
"Good stuff, will do.",ham,ham,ham
"Just so that you know,yetunde hasn't sent money yet. I just sent her a text not to bother sending. So its over, you dont have to involve yourself in anything. I shouldn't have imposed anything on you in the first place so for that, i apologise.",ham,ham,ham
Are you there in room.,ham,ham,ham
HEY GIRL. HOW R U? HOPE U R WELL ME AN DEL R BAK! AGAIN LONG TIME NO C! GIVE ME A CALL SUM TIME FROM LUCYxx,ham,ham,ham
K..k:)how much does it cost?,ham,ham,ham
I'm home.,ham,ham,ham
"Dear, will call Tmorrow.pls accomodate.",ham,ham,ham
First answer my question.,ham,ham,ham
Sunshine Quiz Wkly Q! Win a top Sony DVD player if u know which country the Algarve is in? Txt ansr to 82277. �1.50 SP:Tyrone,spam,spam,spam
Want 2 get laid tonight? Want real Dogging locations sent direct 2 ur mob? Join the UK's largest Dogging Network bt Txting GRAVEL to 69888! Nt. ec2a. 31p.msg@150p,spam,spam,spam
I only haf msn. It's yijue@hotmail.com,ham,ham,ham
He is there. You call and meet him,ham,ham,ham
No no. I will check all rooms befor activities,ham,ham,ham
You'll not rcv any more msgs from the chat svc. For FREE Hardcore services text GO to: 69988 If u get nothing u must Age Verify with yr network & try again,spam,spam,spam
Got c... I lazy to type... I forgot �_ in lect... I saw a pouch but like not v nice...,ham,ham,ham
"K, text me when you're on the way",ham,ham,ham
"Sir, Waiting for your mail.",ham,ham,ham
"A swt thought: \Nver get tired of doing little things 4 lovable persons..\"" Coz..somtimes those little things occupy d biggest part in their Hearts.. Gud ni8""",ham,ham,ham
I know you are. Can you pls open the back?,ham,ham,ham
Yes see ya not on the dot,ham,ham,ham
Whats the staff name who is taking class for us?,ham,ham,ham
"FreeMsg Why haven't you replied to my text? I'm Randy, sexy, female and live local. Luv to hear from u. Netcollex Ltd 08700621170150p per msg reply Stop to end",spam,spam,spam
Ummma.will call after check in.our life will begin from qatar so pls pray very hard.,ham,ham,ham
K..i deleted my contact that why?,spam,ham,ham
Sindu got job in birla soft ..,ham,ham,ham
The wine is flowing and i'm i have nevering..,ham,ham,ham
Yup i thk cine is better cos no need 2 go down 2 plaza mah.,ham,ham,ham
Ok... Ur typical reply...,ham,ham,ham
As per your request 'Melle Melle (Oru Minnaminunginte Nurungu Vettam)' has been set as your callertune for all Callers. Press *9 to copy your friends Callertune,ham,ham,ham
"You are everywhere dirt, on the floor, the windows, even on my shirt. And sometimes when i open my mouth, you are all that comes flowing out. I dream of my world without you, then half my chores are out too. A time of joy for me, lots of tv shows i.ll see. But i guess like all things you just must exist, like rain, hail and mist, and when my time here is done, you and i become one.",ham,ham,ham
Aaooooright are you at work?,ham,ham,ham
I'm leaving my house now...,ham,ham,ham
"Hello, my love. What are you doing? Did you get to that interview today? Are you you happy? Are you being a good boy? Do you think of me?Are you missing me ?",ham,ham,ham
Customer service annoncement. You have a New Years delivery waiting for you. Please call 07046744435 now to arrange delivery,spam,spam,spam
You are a winner U have been specially selected 2 receive �1000 cash or a 4* holiday (flights inc) speak to a live operator 2 claim 0871277810810,spam,spam,spam
Keep yourself safe for me because I need you and I miss you already and I envy everyone that see's you in real life,ham,ham,ham
New car and house for my parents.:)i have only new job in hand:),ham,ham,ham
I'm so in love with you. I'm excited each day i spend with you. You make me so happy.,ham,ham,ham
-PLS STOP bootydelious (32/F) is inviting you to be her friend. Reply YES-434 or NO-434 See her: www.SMS.ac/u/bootydelious STOP? Send STOP FRND to 62468,spam,spam,spam
"BangBabes Ur order is on the way. U SHOULD receive a Service Msg 2 download UR content. If U do not, GoTo wap. bangb. tv on UR mobile internet/service menu",spam,spam,spam
I place all ur points on e cultures module already.,ham,ham,ham
URGENT! We are trying to contact you. Last weekends draw shows that you have won a �900 prize GUARANTEED. Call 09061701939. Claim code S89. Valid 12hrs only,spam,spam,spam
"Hi frnd, which is best way to avoid missunderstding wit our beloved one's?",ham,ham,ham
Great escape. I fancy the bridge but needs her lager. See you tomo ,ham,ham,ham
Yes :)it completely in out of form:)clark also utter waste.,ham,ham,ham
"Sir, I need AXIS BANK account no and bank address.",ham,ham,ham
"Hmmm.. Thk sure got time to hop ard... Ya, can go 4 free abt... Muz call u to discuss liao... ",ham,ham,ham
What time you coming down later? ,ham,ham,ham
"Bloody hell, cant believe you forgot my surname Mr . Ill give u a clue, its spanish and begins with m... ",ham,ham,ham
"Well, i'm gonna finish my bath now. Have a good...fine night.",ham,ham,ham
Let me know when you've got the money so carlos can make the call,ham,ham,ham
U still going to the mall?,ham,ham,ham
"Turns out my friends are staying for the whole show and won't be back til ~ &lt;#&gt; , so feel free to go ahead and smoke that $ &lt;#&gt;  worth",ham,ham,ham
Text her. If she doesnt reply let me know so i can have her log in,ham,ham,ham
Hi! You just spoke to MANEESHA V. We'd like to know if you were satisfied with the experience. Reply Toll Free with Yes or No.,ham,ham,ham
You lifted my hopes with the offer of money. I am in need. Especially when the end of the month approaches and it hurts my studying. Anyways have a gr8 weekend,ham,ham,ham
Lol no. U can trust me.,ham,ham,ham
ok. I am a gentleman and will treat you with dignity and respect.,ham,ham,ham
"He will, you guys close?",ham,ham,ham
Going on nothing great.bye,ham,ham,ham
Hello handsome ! Are you finding that job ? Not being lazy ? Working towards getting back that net for mummy ? Where's my boytoy now ? Does he miss me ?,ham,ham,ham
"Haha awesome, be there in a minute",ham,ham,ham
Please call our customer service representative on FREEPHONE 0808 145 4742 between 9am-11pm as you have WON a guaranteed �1000 cash or �5000 prize!,spam,spam,spam
Have you got Xmas radio times. If not i will get it now,ham,ham,ham
I jus reached home. I go bathe first. But my sis using net tell u when she finishes k...,ham,ham,ham
Are you unique enough? Find out from 30th August. www.areyouunique.co.uk,ham,ham,spam
I'm sorry. I've joined the league of people that dont keep in touch. You mean a great deal to me. You have been a friend at all times even at great personal cost. Do have a great week.|,ham,ham,ham
Hi :)finally i completed the course:),ham,ham,ham
It will stop on itself. I however suggest she stays with someone that will be able to give ors for every stool.,ham,ham,ham
How are you doing? Hope you've settled in for the new school year. Just wishin you a gr8 day,ham,ham,ham
Gud mrng dear hav a nice day,ham,ham,ham
Did u got that persons story,ham,ham,ham
is your hamster dead? Hey so tmr i meet you at 1pm orchard mrt? ,ham,ham,ham
Hi its Kate how is your evening? I hope i can see you tomorrow for a bit but i have to bloody babyjontet! Txt back if u can. :) xxx,ham,ham,ham
"Found it, ENC  &lt;#&gt; , where you at?",ham,ham,ham
I sent you  &lt;#&gt;  bucks,ham,ham,ham
Hello darlin ive finished college now so txt me when u finish if u can love Kate xxx,ham,ham,ham
Your account has been refilled successfully by INR  &lt;DECIMAL&gt; . Your KeralaCircle prepaid account balance is Rs  &lt;DECIMAL&gt; . Your Transaction ID is KR &lt;#&gt; .,ham,ham,ham
Goodmorning sleeping ga.,ham,ham,ham
U call me alter at 11 ok.,ham,ham,ham
�� say until like dat i dun buy ericsson oso cannot oredi lar...,ham,ham,ham
"As I entered my cabin my PA said, '' Happy B'day Boss !!''. I felt special. She askd me 4 lunch. After lunch she invited me to her apartment. We went there.",ham,ham,ham
"Aight yo, dats straight dogg",ham,ham,ham
You please give us connection today itself before  &lt;DECIMAL&gt;  or refund the bill,ham,ham,ham
Both :) i shoot big loads so get ready!,ham,ham,ham
"What's up bruv, hope you had a great break. Do have a rewarding semester.",ham,ham,ham
Home so we can always chat,ham,ham,ham
K:)k:)good:)study well.,ham,ham,ham
Yup... How �_ noe leh...,ham,ham,ham
Sounds great! Are you home now?,ham,ham,ham
Finally the match heading towards draw as your prediction.,ham,ham,ham
Tired. I haven't slept well the past few nights.,ham,ham,ham
Easy ah?sen got selected means its good..,ham,ham,ham
I have to take exam with march 3,ham,ham,ham
Yeah you should. I think you can use your gt atm now to register. Not sure but if there's anyway i can help let me know. But when you do be sure you are ready.,ham,ham,ham
Ok no prob. Take ur time.,ham,ham,ham
There is os called ubandu which will run without installing in hard disk...you can use that os to copy the important files in system and give it to repair shop..,ham,ham,ham
"Sorry, I'll call later",ham,ham,ham
U say leh... Of course nothing happen lar. Not say v romantic jus a bit only lor. I thk e nite scenery not so nice leh.,ham,ham,ham
"500 New Mobiles from 2004, MUST GO! Txt: NOKIA to No: 89545 & collect yours today!From ONLY �1 www.4-tc.biz 2optout 087187262701.50gbp/mtmsg18",spam,spam,spam
Would really appreciate if you call me. Just need someone to talk to.,ham,ham,ham
"Will u meet ur dream partner soon? Is ur career off 2 a flyng start? 2 find out free, txt HORO followed by ur star sign, e. g. HORO ARIES",spam,ham,spam
Hey company elama po mudyadhu.,ham,ham,ham
"Life is more strict than teacher... Bcoz Teacher teaches lesson &amp; then conducts exam, But Life first conducts Exam &amp; then teaches Lessons. Happy morning. . .",ham,ham,ham
Dear good morning now only i am up,ham,ham,ham
Get down in gandhipuram and walk to cross cut road. Right side &lt;#&gt; street road and turn at first right.,ham,ham,ham
Dear we are going to our rubber place,ham,ham,ham
"Sorry battery died, yeah I'm here",ham,ham,ham
Yes:)here tv is always available in work place..,ham,ham,ham
Text & meet someone sexy today. U can find a date or even flirt its up to U. Join 4 just 10p. REPLY with NAME & AGE eg Sam 25. 18 -msg recd@thirtyeight pence,spam,spam,spam
I have printed it oh. So  &lt;#&gt;  come upstairs,ham,ham,ham
Or ill be a little closer like at the bus stop on the same street,ham,ham,ham
Where are you?when wil you reach here?,ham,ham,ham
"New Theory: Argument wins d SITUATION, but loses the PERSON. So dont argue with ur friends just.. . . . kick them &amp; say, I'm always correct.!",ham,ham,ham
U 447801259231 have a secret admirer who is looking 2 make contact with U-find out who they R*reveal who thinks UR so special-call on 09058094597,spam,spam,spam
Tomarrow final hearing on my laptop case so i cant.,ham,ham,ham
PLEASSSSSSSEEEEEE TEL ME V AVENT DONE SPORTSx,ham,ham,ham
"Okay. No no, just shining on. That was meant to be signing, but that sounds better.",ham,ham,ham
"Although i told u dat i'm into baig face watches now but i really like e watch u gave cos it's fr u. Thanx 4 everything dat u've done today, i'm touched...",ham,ham,ham
U don't remember that old commercial?,ham,ham,ham
Too late. I said i have the website. I didn't i have or dont have the slippers,ham,ham,ham
I asked you to call him now ok,ham,ham,ham
Kallis wont bat in 2nd innings.,ham,ham,ham
It didnt work again oh. Ok goodnight then. I.ll fix and have it ready by the time you wake up. You are very dearly missed have a good night sleep.,ham,ham,ham
Congratulations ur awarded 500 of CD vouchers or 125gift guaranteed & Free entry 2 100 wkly draw txt MUSIC to 87066 TnCs www.Ldew.com1win150ppmx3age16,spam,spam,spam
Ranjith cal drpd Deeraj and deepak 5min hold,ham,ham,ham
"Wen ur lovable bcums angry wid u, dnt take it seriously.. Coz being angry is d most childish n true way of showing deep affection, care n luv!.. kettoda manda... Have nice day da.",ham,ham,ham
What you doing?how are you?,ham,ham,ham
"Ups which is 3days also, and the shipping company that takes 2wks. The other way is usps which takes a week but when it gets to lag you may have to bribe nipost to get your stuff.",ham,ham,ham
"I'm back, lemme know when you're ready",ham,ham,ham
Don't necessarily expect it to be done before you get back though because I'm just now headin out,ham,ham,ham
Mmm so yummy babe ... Nice jolt to the suzy,ham,ham,ham
Where are you lover ? I need you ...,ham,ham,ham
We tried to contact you re your reply to our offer of a Video Handset? 750 anytime networks mins? UNLIMITED TEXT? Camcorder? Reply or call 08000930705 NOW,spam,spam,spam
I���m parked next to a MINI!!!! When are you coming in today do you think?,ham,ham,ham
Yup,ham,ham,ham
Anyway i'm going shopping on my own now. Cos my sis not done yet. Dun disturb u liao.,ham,ham,ham
MY NO. IN LUTON 0125698789 RING ME IF UR AROUND! H*,ham,spam,ham
Hey I am really horny want to chat or see me naked text hot to 69698 text charged at 150pm to unsubscribe text stop 69698,spam,spam,spam
Why you Dint come with us.,ham,ham,ham
Same. Wana plan a trip sometme then,ham,ham,ham
"Not sure yet, still trying to get a hold of him",ham,ham,ham
Ur ringtone service has changed! 25 Free credits! Go to club4mobiles.com to choose content now! Stop? txt CLUB STOP to 87070. 150p/wk Club4 PO Box1146 MK45 2WT,spam,spam,spam
The evo. I just had to download flash. Jealous?,ham,ham,ham
Ringtone Club: Get the UK singles chart on your mobile each week and choose any top quality ringtone! This message is free of charge.,spam,ham,spam
"Come to mu, we're sorting out our narcotics situation",ham,ham,ham
"Night has ended for another day, morning has come in a special way. May you smile like the sunny rays and leaves your worries at the blue blue bay.",ham,ham,ham
HMV BONUS SPECIAL 500 pounds of genuine HMV vouchers to be won. Just answer 4 easy questions. Play Now! Send HMV to 86688 More info:www.100percent-real.com,spam,spam,spam
"Usf I guess, might as well take 1 car",ham,ham,ham
No objection. My bf not coming.,ham,ham,ham
Thanx...,ham,ham,ham
Tell rob to mack his gf in the theater,ham,ham,ham
"Awesome, I'll see you in a bit",ham,ham,ham
Just sent it. So what type of food do you like?,ham,ham,ham
All done? All handed in? Celebrations in full swing yet?,ham,ham,ham
You got called a tool?,ham,ham,ham
\Wen u miss someone,ham,ham,ham
Ok. I asked for money how far,ham,ham,ham
Okie...,ham,ham,ham
"Yeah I think my usual guy's still passed out from last night, if you get ahold of anybody let me know and I'll throw down",ham,ham,ham
"K, I might come by tonight then if my class lets out early",ham,ham,ham
Ok..,ham,ham,ham
hi baby im cruisin with my girl friend what r u up 2? give me a call in and hour at home if thats alright or fone me on this fone now love jenny xxx,ham,ham,ham
"My life Means a lot to me, Not because I love my life, But because I love the people in my life, The world calls them friends, I call them my World:-).. Ge:-)..",ham,ham,ham
"Dear,shall mail tonite.busy in the street,shall update you tonite.things are looking ok.varunnathu edukkukayee raksha ollu.but a good one in real sense.",ham,ham,ham
Hey you told your name to gautham ah?,ham,ham,ham
Haf u found him? I feel so stupid da v cam was working.,ham,ham,ham
Oops. 4 got that bit.,ham,ham,ham
Are you this much buzy,ham,ham,ham
I accidentally deleted the message. Resend please.,ham,ham,ham
T-Mobile customer you may now claim your FREE CAMERA PHONE upgrade & a pay & go sim card for your loyalty. Call on 0845 021 3680.Offer ends 28thFeb.T&C's apply,spam,spam,spam
Unless it's a situation where YOU GO GURL would be more appropriate,ham,ham,ham
Hurt me... Tease me... Make me cry... But in the end of my life when i die plz keep one rose on my grave and say STUPID I MISS U.. HAVE A NICE DAY BSLVYL,ham,ham,ham
I cant pick the phone right now. Pls send a message,ham,ham,ham
Need a coffee run tomo?Can't believe it's that time of week already,ham,ham,ham
"Awesome, I remember the last time we got somebody high for the first time with diesel :V",ham,ham,ham
"Shit that is really shocking and scary, cant imagine for a second. Def up for night out. Do u think there is somewhere i could crash for night, save on taxi?",ham,ham,ham
Oh and by the way you do have more food in your fridge! Want to go out for a meal tonight? ,ham,ham,ham
He is a womdarfull actor,ham,ham,ham
"SMS. ac Blind Date 4U!: Rodds1 is 21/m from Aberdeen, United Kingdom. Check Him out http://img. sms. ac/W/icmb3cktz8r7!-4 no Blind Dates send HIDE",spam,spam,spam
Yup... From what i remb... I think should be can book... ,ham,ham,ham
Jos ask if u wana meet up?,ham,ham,ham
Lol yes. Our friendship is hanging on a thread cause u won't buy stuff.,ham,ham,ham
"TheMob> Check out our newest selection of content, Games, Tones, Gossip, babes and sport, Keep your mobile fit and funky text WAP to 82468",spam,spam,spam
Where are the garage keys? They aren't on the bookshelf,ham,ham,ham
Today is ACCEPT DAY..U Accept me as? Brother Sister Lover Dear1 Best1 Clos1 Lvblefrnd Jstfrnd Cutefrnd Lifpartnr Belovd Swtheart Bstfrnd No rply means enemy,ham,spam,ham
"Think ur smart ? Win �200 this week in our weekly quiz, text PLAY to 85222 now!T&Cs WinnersClub PO BOX 84, M26 3UZ. 16+. GBP1.50/week",spam,spam,spam
He says he'll give me a call when his friend's got the money but that he's definitely buying before the end of the week,ham,ham,ham
"Hi the way I was with u 2day, is the normal way&this is the real me. UR unique&I hope I know u 4 the rest of mylife. Hope u find wot was lost.",ham,ham,ham
You made my day. Do have a great day too.,ham,ham,ham
K.k:)advance happy pongal.,ham,ham,ham
"Hmmm... Guess we can go 4 kb n power yoga... Haha, dunno we can tahan power yoga anot... Thk got lo oso, forgot liao...",ham,ham,ham
"Not really dude, have no friends i'm afraid :(",ham,ham,ham
December only! Had your mobile 11mths+? You are entitled to update to the latest colour camera mobile for Free! Call The Mobile Update Co FREE on 08002986906,spam,spam,spam
"Coffee cake, i guess...",ham,ham,ham
"Merry Christmas to you too babe, i love ya *kisses*",ham,ham,ham
Hey... Why dont we just go watch x men and have lunch... Haha ,ham,ham,ham
cud u tell ppl im gona b a bit l8 cos 2 buses hav gon past cos they were full & im still waitin 4 1. Pete x,ham,spam,ham
That would be great. We'll be at the Guild. Could meet on Bristol road or somewhere - will get in touch over weekend. Our plans take flight! Have a good week,ham,ham,ham
No problem. How are you doing?,ham,ham,ham
No calls..messages..missed calls,ham,ham,ham
Hi da:)how is the todays class?,ham,ham,ham
"I'd say that's a good sign but, well, you know my track record at reading women",ham,ham,ham
"Cool, text me when you're parked",ham,ham,ham
I'm reading the text i just sent you. Its meant to be a joke. So read it in that light,ham,ham,ham
K.k:)apo k.good movie.,ham,ham,ham
Maybe i could get book out tomo then return it immediately ..? Or something.,ham,ham,ham
Call Germany for only 1 pence per minute! Call from a fixed line via access number 0844 861 85 85. No prepayment. Direct access!,spam,spam,spam
Any chance you might have had with me evaporated as soon as you violated my privacy by stealing my phone number from your employer's paperwork. Not cool at all. Please do not contact me again or I will report you to your supervisor.,ham,ham,ham
Valentines Day Special! Win over �1000 in our quiz and take your partner on the trip of a lifetime! Send GO to 83600 now. 150p/msg rcvd. CustCare:08718720201.,spam,spam,spam
"Ta-Daaaaa! I am home babe, are you still up ?",ham,ham,ham
Cool. So how come you havent been wined and dined before?,ham,ham,ham
Just sleeping..and surfing,ham,ham,ham
"Sorry, I'll call later",ham,ham,ham
U calling me right? Call my hand phone...,ham,ham,ham
Ok that's great thanx a lot.,ham,ham,ham
I take it the post has come then! You must have 1000s of texts now! Happy reading. My one from wiv hello caroline at the end is my favourite. Bless him,ham,ham,ham
Where u been hiding stranger?,ham,ham,ham
Am not interested to do like that.,ham,ham,ham
My sister cleared two round in birla soft yesterday.,ham,ham,ham
Gudnite....tc...practice going on,ham,ham,ham
Dis is yijue. I jus saw ur mail. In case huiming havent sent u my num. Dis is my num.,ham,ham,ham
One small prestige problem now.,ham,ham,ham
Fancy a shag? I do.Interested? sextextuk.com txt XXUK SUZY to 69876. Txts cost 1.50 per msg. TnCs on website. X,spam,spam,spam
Just checking in on you. Really do miss seeing Jeremiah. Do have a great month,ham,ham,ham
"Nah can't help you there, I've never had an iphone",ham,ham,ham
If you're not in my car in an hour and a half I'm going apeshit,ham,ham,ham
"TODAY is Sorry day.! If ever i was angry with you, if ever i misbehaved or hurt you? plz plz JUST SLAP URSELF Bcoz, Its ur fault, I'm basically GOOD",ham,ham,ham
Yo you guys ever figure out how much we need for alcohol? Jay and I are trying to figure out how much we can safely spend on weed,ham,ham,ham
&lt;#&gt; ISH MINUTES WAS 5 MINUTES AGO. WTF.,ham,ham,ham
"Thank You for calling.Forgot to say Happy Onam to you Sirji.I am fine here and remembered you when i met an insurance person.Meet You in Qatar Insha Allah.Rakhesh, ex Tata AIG who joined TISSCO,Tayseer.",ham,ham,ham
Congratulations ur awarded 500 of CD vouchers or 125gift guaranteed & Free entry 2 100 wkly draw txt MUSIC to 87066 TnCs www.Ldew.com1win150ppmx3age16,spam,spam,spam
Ur cash-balance is currently 500 pounds - to maximize ur cash-in now send CASH to 86688 only 150p/msg. CC: 08708800282 HG/Suite342/2Lands Row/W1J6HL,spam,spam,spam
"I'm an actor. When i work, i work in the evening and sleep late. Since i'm unemployed at the moment, i ALWAYS sleep late. When you're unemployed, every day is saturday.",ham,ham,ham
"Hello! Just got here, st andrews-boy its a long way! Its cold. I will keep you posted",ham,ham,ham
Ha ha cool cool chikku chikku:-):-DB-),ham,ham,ham
Oh ok no prob..,ham,ham,ham
Check audrey's status right now,ham,ham,ham
Busy here. Trying to finish for new year. I am looking forward to finally meeting you...,ham,ham,ham
"Good afternoon sunshine! How dawns that day ? Are we refreshed and happy to be alive? Do we breathe in the air and smile ? I think of you, my love ... As always",ham,ham,ham
Well i know Z will take care of me. So no worries.,ham,ham,ham
"Update_Now - Xmas Offer! Latest Motorola, SonyEricsson & Nokia & FREE Bluetooth! Double Mins & 1000 Txt on Orange. Call MobileUpd8 on 08000839402 or call2optout/F4Q=",spam,spam,spam
Here is your discount code RP176781. To stop further messages reply stop. www.regalportfolio.co.uk. Customer Services 08717205546,spam,spam,spam
Wat uniform? In where get?,ham,ham,ham
"Cool, text me when you're ready",ham,ham,ham
"Hello my boytoy ... Geeee I miss you already and I just woke up. I wish you were here in bed with me, cuddling me. I love you ...",ham,ham,ham
I will spoil you in bed as well :),ham,ham,ham
I'm going for bath will msg you next  &lt;#&gt;  min..,ham,ham,ham
I cant keep talking to people if am not sure i can pay them if they agree to price. So pls tell me what you want to really buy and how much you are willing to pay,ham,ham,ham
"Thanks for your Ringtone Order, Reference T91. You will be charged GBP 4 per week. You can unsubscribe at anytime by calling customer services on 09057039994",spam,spam,spam
Can you say what happen,ham,ham,ham
You could have seen me..i did't recognise you Face.:),ham,ham,ham
Well there's not a lot of things happening in Lindsay on New years *sighs* Some bars in Ptbo and the blue heron has something going,ham,ham,ham
Keep my payasam there if rinu brings,ham,ham,ham
I taught that Ranjith sir called me. So only i sms like that. Becaus hes verifying about project. Prabu told today so only pa dont mistake me..,ham,ham,ham
"I guess that's why you re worried. You must know that there's a way the body repairs itself. And i'm quite sure you shouldn't worry. We'll take it slow. First the tests, they will guide when your ovulation is then just relax. Nothing you've said is a reason to worry but i.ll keep on followin you up.",ham,ham,ham
"Yeah sure, give me a couple minutes to track down my wallet",ham,ham,ham
Hey leave it. not a big deal:-) take care.,ham,ham,ham
Hey i will be late ah... Meet you at 945+,ham,ham,ham
"Double mins and txts 4 6months FREE Bluetooth on Orange. Available on Sony, Nokia Motorola phones. Call MobileUpd8 on 08000839402 or call2optout/N9DX",spam,spam,spam
It took Mr owl 3 licks,ham,ham,ham
Customer place i will call you.,ham,ham,ham
Mm that time you dont like fun,ham,ham,ham
4mths half price Orange line rental & latest camera phones 4 FREE. Had your phone 11mths ? Call MobilesDirect free on 08000938767 to update now! or2stoptxt,spam,spam,spam
Yup having my lunch buffet now.. U eat already?,ham,ham,ham
Huh so late... Fr dinner?,ham,ham,ham
Hey so this sat are we going for the intro pilates only? Or the kickboxing too? ,ham,ham,ham
Morning only i can ok.,ham,ham,ham
Yes i think so. I am in office but my lap is in room i think thats on for the last few days. I didnt shut that down,ham,ham,ham
Pick you up bout 7.30ish? What time are  and that going?,ham,ham,ham
From here after The performance award is calculated every two month.not for current one month period..,ham,ham,ham
Was actually sleeping and still might when u call back. So a text is gr8. You rock sis. Will send u a text wen i wake.,ham,ham,ham
"You are always putting your business out there. You put pictures of your ass on facebook. You are one of the most open people i've ever met. Why would i think a picture of your room would hurt you, make you feel violated.",ham,ham,ham
"Good evening Sir, Al Salam Wahleykkum.sharing a happy news.By the grace of God, i got an offer from Tayseer,TISSCO and i joined.Hope you are fine.Inshah Allah,meet you sometime.Rakhesh,visitor from India.",ham,ham,ham
Hmmm...k...but i want to change the field quickly da:-)i wanna get system administrator or network administrator..,ham,ham,ham
"FREE RINGTONE text FIRST to 87131 for a poly or text GET to 87131 for a true tone! Help? 0845 2814032 16 after 1st free, tones are 3x�150pw to e�nd txt stop",spam,spam,spam
Dear how is chechi. Did you talk to her,ham,ham,ham
The hair cream has not been shipped.,ham,ham,ham
None of that's happening til you get here though,ham,ham,ham
"Yep, the great loxahatchee xmas tree burning of  &lt;#&gt;  starts in an hour",ham,ham,ham
"Haha get used to driving to usf man, I know a lot of stoners",ham,ham,ham
All was well until slightly disastrous class this pm with my fav darlings! Hope day off ok. Coffee wld be good as can't stay late tomorrow. Same time + place as always?,ham,ham,ham
Hello! Good week? Fancy a drink or something later?,ham,ham,ham
Headin towards busetop,ham,ham,ham
Message:some text missing* Sender:Name Missing* *Number Missing *Sent:Date missing *Missing U a lot thats y everything is missing sent via fullonsms.com,ham,ham,ham
Come by our room at some point so we can iron out the plan for this weekend,ham,ham,ham
Cos i want it to be your thing,ham,ham,ham
"Okies... I'll go yan jiu too... We can skip ard oso, go cine den go mrt one, blah blah blah... ",ham,ham,ham
Bring home some Wendy =D,ham,ham,ham
100 dating service cal;l 09064012103 box334sk38ch,spam,spam,spam
Whatsup there. Dont u want to sleep,ham,ham,ham
Alright i have a new goal now,ham,ham,ham
FREE entry into our �250 weekly competition just text the word WIN to 80086 NOW. 18 T&C www.txttowin.co.uk,spam,spam,spam
"Alright, I'll head out in a few minutes, text me where to meet you",ham,ham,ham
Send a logo 2 ur lover - 2 names joined by a heart. Txt LOVE NAME1 NAME2 MOBNO eg LOVE ADAM EVE 07123456789 to 87077 Yahoo! POBox36504W45WQ TxtNO 4 no ads 150p,spam,spam,spam
Yes:)from last week itself i'm taking live call.,ham,ham,ham
Someone has contacted our dating service and entered your phone because they fancy you! To find out who it is call from a landline 09111032124 . PoBox12n146tf150p,spam,spam,spam
Siva is in hostel aha:-.,ham,ham,ham
URGENT! Your Mobile number has been awarded with a �2000 prize GUARANTEED. Call 09058094455 from land line. Claim 3030. Valid 12hrs only,spam,spam,spam
Send this to ur friends and receive something about ur voice..... How is my speaking expression? 1.childish 2.naughty 3.Sentiment 4.rowdy 5.ful of attitude 6.romantic 7.shy 8.Attractive 9.funny  &lt;#&gt; .irritating  &lt;#&gt; .lovable. reply me..,ham,ham,ham
Ok. She'll be ok. I guess,ham,ham,ham
aathi..where are you dear..,ham,ham,ham
Any pain on urination any thing else?,ham,ham,ham
7 at esplanade.. Do �_ mind giving me a lift cos i got no car today..,ham,ham,ham
I wnt to buy a BMW car urgently..its vry urgent.but hv a shortage of  &lt;#&gt; Lacs.there is no source to arng dis amt. &lt;#&gt; lacs..thats my prob,ham,ham,ham
At home watching tv lor.,ham,ham,ham
Does she usually take fifteen fucking minutes to respond to a yes or no question,ham,ham,ham
Congrats! Nokia 3650 video camera phone is your Call 09066382422 Calls cost 150ppm Ave call 3mins vary from mobiles 16+ Close 300603 post BCM4284 Ldn WC1N3XX,spam,spam,spam
Booked ticket for pongal?,ham,ham,ham
You available now? I'm like right around hillsborough &amp;  &lt;#&gt; th,ham,ham,ham
The message sent is askin for  &lt;#&gt; dollars. Shoul i pay  &lt;#&gt;  or  &lt;#&gt; ?,ham,ham,ham
"Ask g or iouri, I've told the story like ten times already",ham,ham,ham
How long does applebees fucking take,ham,ham,ham
"Hi hope u get this txt~journey hasnt been gd,now about 50 mins late I think.",ham,ham,ham
But i have to. I like to have love and arrange.,ham,ham,ham
Yes..he is really great..bhaji told kallis best cricketer after sachin in world:).very tough to get out.,ham,ham,ham
You were supposed to wake ME up &gt;:(,ham,ham,ham
Oic... I saw him too but i tot he din c me... I found a group liao...,ham,ham,ham
"Sorry, I'll call later",ham,ham,ham
\HEY HEY WERETHE MONKEESPEOPLE SAY WE MONKEYAROUND! HOWDY GORGEOUS,ham,ham,ham
"Sorry, my battery died, I can come by but I'm only getting a gram for now, where's your place?",ham,ham,ham
"Well done, blimey, exercise, yeah, i kinda remember wot that is, hmm. ",ham,ham,ham
I wont get concentration dear you know you are my mind and everything :-),ham,ham,ham
LOL ... Have you made plans for new years?,ham,ham,ham
10 min later k...,ham,ham,ham
hanks lotsly!,ham,ham,ham
Thanks for this hope you had a good day today,ham,ham,ham
K:)k:)what are detail you want to transfer?acc no enough?,ham,ham,ham
Ok i will tell her to stay out. Yeah its been tough but we are optimistic things will improve this month.,ham,ham,ham
"Loan for any purpose �500 - �75,000. Homeowners + Tenants welcome. Have you been previously refused? We can still help. Call Free 0800 1956669 or text back 'help'",spam,spam,spam
Si si. I think ill go make those oreo truffles.,ham,ham,ham
"LOOK AT AMY URE A BEAUTIFUL, INTELLIGENT WOMAN AND I LIKE U A LOT. I KNOW U DON��T LIKE ME LIKE THAT SO DON��T WORRY.",ham,ham,ham
I hope you that's the result of being consistently intelligent and kind. Start asking him about practicum links and keep your ears open and all the best. ttyl,ham,ham,ham
"1.20 that call cost. Which i guess isnt bad. Miss ya, need ya, want ya, love ya",ham,ham,ham
Going thru a very different feeling.wavering decisions and coping up with the same is the same individual.time will heal everything i believe.,ham,ham,ham
Where did u go? My phone is gonna die you have to stay in here,ham,ham,ham
Great. Never been better. Each day gives even more reasons to thank God,ham,ham,ham
"UpgrdCentre Orange customer, you may now claim your FREE CAMERA PHONE upgrade for your loyalty. Call now on 0207 153 9153. Offer ends 26th July. T&C's apply. Opt-out available",spam,spam,spam
"Sorry, I'll call later ok bye",ham,ham,ham
Ok i am on the way to railway,ham,ham,ham
great princess! I love giving and receiving oral. Doggy style is my fave position. How about you? I enjoy making love  &lt;#&gt;  times per night :),ham,ham,ham
They don't put that stuff on the roads to keep it from getting slippery over there?,ham,ham,ham
When are you going to ride your bike?,ham,ham,ham
"Yup, no need. I'll jus wait 4 e rain 2 stop.",ham,ham,ham
There are many company. Tell me the language.,ham,ham,ham
okmail: Dear Dave this is your final notice to collect your 4* Tenerife Holiday or #5000 CASH award! Call 09061743806 from landline. TCs SAE Box326 CW25WX 150ppm,spam,spam,spam
"How long has it been since you screamed, princess?",ham,ham,ham
"Nothing. I meant that once the money enters your account here, the bank will remove its flat rate. Someone transfered  &lt;#&gt;  to my account and  &lt;#&gt; dollars got removed. So the banks differ and charges also differ.be sure you trust the 9ja person you are sending account details to cos...",ham,ham,ham
Want 2 get laid tonight? Want real Dogging locations sent direct 2 ur Mob? Join the UK's largest Dogging Network by txting MOAN to 69888Nyt. ec2a. 31p.msg@150p,spam,spam,spam
Nice line said by a broken heart- Plz don't cum 1 more times infront of me... Other wise once again I ll trust U... Good 9t:),ham,ham,ham
Ok I'm gonna head up to usf in like fifteen minutes,ham,ham,ham
Love you aathi..love u lot..,ham,ham,ham
Tension ah?what machi?any problem?,ham,ham,ham
"K, can I pick up another 8th when you're done?",ham,ham,ham
When're you guys getting back? G said you were thinking about not staying for mcr,ham,ham,ham
"Almost there, see u in a sec",ham,ham,ham
"Yo carlos, a few friends are already asking me about you, you working at all this weekend?",ham,ham,ham
Watching tv lor...,ham,ham,ham
Thank you baby! I cant wait to taste the real thing...,ham,ham,ham
You should change your fb to jaykwon thuglyfe falconerf,ham,ham,ham
If we win its really no 1 side for long time.,ham,ham,ham
"FREE MESSAGE Activate your 500 FREE Text Messages by replying to this message with the word FREE For terms & conditions, visit www.07781482378.com",spam,spam,spam
Dear reached railway. What happen to you,ham,ham,ham
"Depends on quality. If you want the type i sent boye, faded glory, then about 6. If you want ralphs maybe 2",ham,ham,ham
I think i've fixed it can you send a test message?,ham,ham,ham
"Sorry man my account's dry or I would, if you want we could trade back half or I could buy some shit with my credit card",ham,ham,ham
"Congrats! 1 year special cinema pass for 2 is yours. call 09061209465 now! C Suprman V, Matrix3, StarWars3, etc all 4 FREE! bx420-ip4-5we. 150pm. Dont miss out!",spam,spam,spam
"Sorry,in meeting I'll call later",ham,ham,ham
What class of  &lt;#&gt;  reunion?,ham,ham,ham
Are you free now?can i call now?,spam,ham,ham
Got meh... When?,ham,ham,ham
Nope... Think i will go for it on monday... Sorry i replied so late,ham,ham,ham
Some of them told accenture is not confirm. Is it true.,ham,ham,ham
"Kate jackson rec center before 7ish, right?",ham,ham,ham
Dear i have reache room,ham,ham,ham
"Fighting with the world is easy, u either win or lose bt fightng with some1 who is close to u is dificult if u lose - u lose if u win - u still lose.",ham,ham,ham
When can �_ come out?,ham,ham,ham
Check with nuerologist.,ham,ham,ham
Lolnice. I went from a fish to ..water.?,ham,ham,ham
+123 Congratulations - in this week's competition draw u have won the �1450 prize to claim just call 09050002311 b4280703. T&Cs/stop SMS 08718727868. Over 18 only 150ppm,spam,spam,spam
No it's waiting in e car dat's bored wat. Cos wait outside got nothing 2 do. At home can do my stuff or watch tv wat.,ham,ham,ham
"Maybe westshore or hyde park village, the place near my house?",ham,ham,ham
You should know now. So how's anthony. Are you bringing money. I've school fees to pay and rent and stuff like that. Thats why i need your help. A friend in need....|,ham,ham,ham
What's the significance?,ham,ham,ham
Your opinion about me? 1. Over 2. Jada 3. Kusruthi 4. Lovable 5. Silent 6. Spl character 7. Not matured 8. Stylish 9. Simple Pls reply..,ham,ham,ham
